Source,SUBSET,ORDER,slot_group,slot_group_order,slot_usage,name,title,slot_uri,comments,description,examples,in_subset,keywords,multivalued,pattern,range,recommended,required,string_serialization,structured_pattern,Expected_value,Preferred_unit
MIMS,investigation,1,Investigation,1,1,project_name,project name,MIXS:0000092,,Name of the project within which the sequencing was organized,{'value': 'Forest soil metagenome'},investigation,project,,,string,,TRUE,,,,
MIMS,sequencing,2,Investigation,1,2,associated_resource,relevant electronic resources,MIXS:0000091,,"A related resource that is referenced, cited, or otherwise associated to the sequence",{'value': 'http://www.earthmicrobiome.org/'},sequencing,resource,TRUE,,string,TRUE,,,"{'syntax': '^({PMID}|{DOI}|{URL})$', 'interpolated': True, 'partial_match': False}",reference to resource,
Ancient,environment,1,Environment,2,3,orig_site_name,name of site or location where sample originated,MIXS:999999901,,"Designated name of the archaeological or ecological site, ancient settlement, or location etc. where the sample was originally collected. Can be a non-geographical name, such as a field-specific name or code, the official name of an excavation, or a colloquial name that is used in academic literature. Typically names that would not be found on official maps. If the site name is unclear please use the name of the closest location or region as best as possible. Can also include different transliterations or languages used in the literature.","{'value': 'Northern Italy, Lombardy, exact location unknown'}",environment,environment|sample,TRUE,,string,TRUE,FALSE,,,Name of site or location where sample was originated,
Ancient,environment,2,Environment,2,4,orig_site_loc,original site location,MIXS:999999902,,"The original geographical origin of the sample, when sampled outside its original natural environment (e.g. sampled in a museum collection), as defined by the country or sea name followed by specific region name.  Country or sea names should be chosen from the INSDC country list (http://insdc.org/country.html), or the GAZ ontology (http://purl.bioontology.org/ontology/GAZ).",{'value': 'Northern Italy: Lombardy'},environment,location|site,FALSE,,string,FALSE,FALSE,,"{'syntax': '^{country}: {region}, {specific_location}$', 'interpolated': False, 'partial_match': False}",Name of original geographic origin of the sample,
Ancient,environment,3,Environment,2,5,orig_site_lat,original geographic location (latitude),MIXS:999999903,,"The latitude coordinate of the original geographical origin of the sample, e.g. the original place the sample was buried, deposited, or formed. In cases where the sample was directly sampled in the burial environment for the purposes of scientific investigation, this will be the same as geo_loc_name, and lat_lon.  For samples kept in collections, the geo_loc_name and lat_lon terms are used to refer to the collection where the sample is stored, but this term is used for the original geographic location the sample existed in prior to archiving in a collection (i.e., should correspond to  orig_site_loc, not the collection itself as recorded in site_name). The values should be reported in decimal degrees, limited to 8 decimal points, and in WGS84 system.",{'value': '-0.123'},environment,,FALSE,,string,FALSE,FALSE,,"{'syntax': '^{lat}$', 'interpolated': True, 'partial_match': True}",,
Ancient,environment,4,Environment,2,6,orig_site_lon,original geographic location (longitude),MIXS:999999904,,"The longitude coordinate of the original geographical origin of the sample, e.g. the original place the sample was buried, deposited, or formed. In cases where the sample was directly sampled in the burial environment for the purposes of scientific investigation, this will be the same as geo_loc_name, and lat_lon.  For samples kept in collections, the geo_loc_name and lat_lon terms are used to refer to the collection where the sample is stored, but this term is used for the original geographic location the sample existed in prior to archiving in a collection (i.e., should correspond to orig_site_loc, not the collection itself, as recorded in site_name). The values should be reported in decimal degrees, limited to 8 decimal points, and in WGS84 system.",{'value': '-12.12'},environment,,FALSE,,string,FALSE,FALSE,,"{'syntax': '^{lon}$', 'interpolated': True, 'partial_match': True}",,
Ancient,environment,5,Environment,2,7,past_env_broad,broad-scale past environmental context,MIXS:999999905,,"Report information about the general ancient broad environmental system that the sample or specimen existed or lived within, as it was at the time of deposition or burial (e.g. in the desert or a forest). This should not describe the environment as it is today (e.g. farmland), but specifically the state as it was in the past (i.e. the palaeo- or (pre)historical ecosystem). Compared to `env_broad_scale` which is taken from direct observation, the information about the past environment will normally be derived from inference from archaeological, palaeontological, geological, or other scientific methods. We recommend using subclasses of EnvO s biome class:  http://purl.obolibrary.org/obo/ENVO_00000428. EnvO documentation about how to use the field for present day equivalents: https://github.com/EnvironmentOntology/envo/wiki/Using-ENVO-with-MIxS""",{'value': 'dessert biome [ENVO:01000247]'},environment,context|environmental|ancient,,"^([^\s-]{1,2}|[^\s-]+.+[^\s-]+) \[[a-zA-Z]{2,}:[a-zA-Z0-9]\d+\]$",string,TRUE,FALSE,,"{'syntax': '^{termLabel} \\[{termID}\\]$', 'interpolated': True, 'partial_match': True}",,
Ancient,environment,6,Environment,2,8,past_env_local,local past environmental context,MIXS:999999906,,"Report information about the smaller-scale environmental system of the local vicinity of the sample or specimen at the time of deposition or burial (e.g. in hillside, burial mound, or midden). This should not describe the environment as it is today (e.g. carpark), but specifically the entity or entities surrounding the sample that may have significant causal influences as it was in the past. Compared to `env_local_scale` which is taken from direct observation, the information about the past environment will normally be derived from inference from archaeological, palaeontological, geological, or other scientific methods. We recommend using EnvO terms which are of smaller than your entry for past_env_broad. Terms, such as anatomical sites, from other OBO Library ontologies which interoperate with EnvO (e.g. UBERON) are accepted in this field. EnvO documentation about how to use the field for present day equivalents: https://github.com/EnvironmentOntology/envo/wiki/Using-ENVO-with-MIxS""",{'value': 'hillside [ENVO:01000333]'},environment,context|environmental|ancient,,,string,TRUE,FALSE,{termLabel} [{termID}],,Report information about smaller environmental entities having causal influences upon the sample or specimen at/during the time of burial,
Ancient,environment,7,Environment,2,9,context_retrieval_date,date of retrieval from depositional context,MIXS:999999909,,"Date of excavation or retrieval from burial or depositional context, if known. If excavations were done during a  longer period, report its midpoint at a month or year level. In case no exact time is available, the date can be  right truncated i.e. all of these are valid times: 2008-01-23T19:23:10+00:00; 2008-01-23T19:23:10; 2008-01-23;  2008-01; 2008; Except: 2008-01; 2008 all are ISO8601 compliant.",{'value': '2001-09-25'},environment,,,,datetime,TRUE,FALSE,,,,year
Ancient,environment,8,Environment,2,10,stratigraph_context,stratigraphic context,MIXS:999999907,,"Associated stratigraphic context(s) that the sample was retrieved from, usually from an archaeological or palaeontological excavation. Description(s) or identifier(s) of stratigraphic units or layer names within and/or relative to the site (e.g., stratigraphic unit ID, archaeological feature ID, layer name or a description, grid location).",{'value': 'Black Mousterian (BM)'},environment,identifiers|excavation,TRUE,,string,FALSE,FALSE,,,Stratigraphic context that the sample was retrieved from,
MIMS,environment,9,Environment,2,11,geo_loc_name,"geographic location (country and/or sea,region)",MIXS:0000010,,"The geographical origin of the sample as defined by the country or sea name followed by specific region name. Country or sea names should be chosen from the INSDC country list (http://insdc.org/country.html), or the GAZ ontology (http://purl.bioontology.org/ontology/GAZ)","{'value': 'USA: Maryland, Bethesda'}",environment,geographic|location,,,string,,TRUE,,"{'syntax': '^{country}: {region}, {specific_location}$', 'interpolated': True, 'partial_match': True}",,
MIMS,environment,10,Environment,2,12,lat_lon,geographic location (latitude and longitude),MIXS:0000009,,"The geographical origin of the sample as defined by latitude and longitude. The values should be reported in decimal degrees, limited to 8 decimal points, and in WGS84 system",{'value': '50.586825 6.408977'},environment,geographic|location,,,string,,TRUE,,"{'syntax': '^{lat} {lon}$', 'interpolated': True, 'partial_match': True}",,
MIMS,environment,11,Environment,2,13,env_broad_scale,broad-scale environmental context,MIXS:0000012,,"Report the major environmental system the sample or specimen came from. The system(s) identified should have a coarse spatial grain, to provide the general environmental context of where the sampling was done (e.g. in the desert or a rainforest). We recommend using subclasses of EnvO s biome class:  http://purl.obolibrary.org/obo/ENVO_00000428. EnvO documentation about how to use the field: https://github.com/EnvironmentOntology/envo/wiki/Using-ENVO-with-MIxS",{'value': 'rangeland biome [ENVO:01000247]'},environment,context|environmental,,,string,,TRUE,,"{'syntax': '^{termLabel} \\[{termID}\\]$', 'interpolated': True, 'partial_match': True}",,
MIMS,environment,12,Environment,2,14,env_local_scale,local environmental context,MIXS:0000013,,"Report the entity or entities which are in the sample or specimen s local vicinity and which you believe have significant causal influences on your sample or specimen. We recommend using EnvO terms which are of smaller spatial grain than your entry for env_broad_scale. Terms, such as anatomical sites, from other OBO Library ontologies which interoperate with EnvO (e.g. UBERON) are accepted in this field. EnvO documentation about how to use the field: https://github.com/EnvironmentOntology/envo/wiki/Using-ENVO-with-MIxS",{'value': 'hillside [ENVO:01000333]'},environment,context|environmental,,,string,,TRUE,,"{'syntax': '^{termLabel} \\[{termID}\\]$', 'interpolated': True, 'partial_match': True}",Environmental entities having causal influences upon the entity at time of sampling,
MIMS,environment,13,Environment,2,15,alt,altitude,MIXS:0000094,,"Heights of objects such as airplanes, space shuttles, rockets, atmospheric balloons and heights of places such as atmospheric layers and clouds. It is used to measure the height of an object which is above the earth's surface. In this context, the altitude measurement is the vertical distance between the earth's surface above sea level and the sampled position in the air",{'value': '100 meter'},environment,,,,string,TRUE,,,"{'syntax': '^{scientific_float}( *- *{scientific_float})? *{text}$', 'interpolated': True, 'partial_match': True}",,meter
MIMS,environment,14,Environment,2,16,depth,depth,MIXS:0000018,,"The vertical distance below local surface. For sediment or soil samples depth is measured from sediment or soil surface, respectively. Depth can be reported as an interval for subsurface samples",{'value': '10 meter'},environment,depth,,,string,TRUE,,,"{'syntax': '^{scientific_float}( *- *{scientific_float})? *{text}$', 'interpolated': True, 'partial_match': True}",,meter
MIMS,environment,15,Environment,2,17,elev,elevation,MIXS:0000093,,"Elevation of the sampling site is its height above a fixed reference point, most commonly the mean sea level. Elevation is mainly used when referring to points on the earth's surface, while altitude is used for points above the surface, such as an aircraft in flight or a spacecraft in orbit",{'value': '100 meter'},environment,elevation,,,string,TRUE,,,"{'syntax': '^{scientific_float}( *- *{scientific_float})? *{text}$', 'interpolated': True, 'partial_match': True}",,meter
MIMS,environment,16,Environment,2,18,temp,temperature,MIXS:0000113,,Temperature of the sample at the time of sampling,{'value': '25 degree Celsius'},environment,temperature,,,string,TRUE,,,"{'syntax': '^{scientific_float}( *- *{scientific_float})? *{text}$', 'interpolated': True, 'partial_match': True}",,degree Celsius
HumanSkin,environment,17,Environment,2,19,salinity,salinity,MIXS:0000183,,"The total concentration of all dissolved salts in a liquid or solid sample. While salinity can be measured by a complete chemical analysis, this method is difficult and time consuming. More often, it is instead derived from the conductivity measurement. This is known as practical salinity. These derivations compare the specific conductance of the sample to a salinity standard such as seawater",{'value': '25 practical salinity unit'},,salinity,,,string,,,,"{'syntax': '^{scientific_float}( *- *{scientific_float})? *{text}$', 'interpolated': True, 'partial_match': True}",,"practical salinity unit, percentage"
HumanSkin,environment,18,Environment,2,20,perturbation,perturbation,MIXS:0000754,,"Type of perturbation, e.g. chemical administration, physical disturbance, etc., coupled with perturbation regimen including how many times the perturbation was repeated, how long each perturbation lasted, and the start and end time of the entire perturbation period; can include multiple perturbation types",{'value': 'antibiotic addition;R2/2018-05-11T14:30Z/2018-05-11T19:30Z/P1H30M'},,perturbation,TRUE,,string,,,{text};{Rn/start_time/end_time/duration},,perturbation type name;perturbation interval and duration,
MIMS,investigation,19,Environment,2,21,experimental_factor,experimental factor,MIXS:0000008,,"Variable aspects of an experiment design that can be used to describe an experiment, or set of experiments, in an increasingly detailed manner. This field accepts ontology terms from Experimental Factor Ontology (EFO) and/or Ontology for Biomedical Investigations (OBI)",{'value': 'time series design [EFO:0001779]'},investigation,experimental|factor,TRUE,"^\S+.*\S+ \[[a-zA-Z]{2,}:\d+\]$",string,TRUE,,{termLabel} [{termID}]|{text},,text or EFO and/or OBI,
MIMS,nucleic acid sequence source,1,Sample body,3,22,source_mat_id,source material identifiers,MIXS:0000026,,"A unique identifier assigned to a material sample (as defined by http://rs.tdwg.org/dwc/terms/materialSampleID, and as opposed to a particular digital record of a material sample) used for extracting nucleic acids, and subsequent sequencing. The identifier can refer either to the original material collected or to any derived sub-samples. The INSDC qualifiers /specimen_voucher, /bio_material, or /culture_collection may or may not share the same value as the source_mat_id field. For instance, the /specimen_voucher qualifier and source_mat_id may both contain 'UAM:Herps:14' , referring to both the specimen voucher and sampled tissue with the same identifier. However, the /culture_collection qualifier may refer to a value from an initial culture (e.g. ATCC:11775) while source_mat_id would refer to an identifier from some derived culture from which the nucleic acids were extracted (e.g. xatc123 or ark:/2154/R2)",{'value': 'MPI012345'},nucleic acid sequence source,identifier|material|source,TRUE,,string,TRUE,,,,for cultures of microorganisms: identifiers for two culture collections; for other material a unique arbitrary identifer,
MIMS,investigation,2,Sample body,3,23,samp_name,sample name,MIXS:0001107,,"A local identifier or name that for the material sample used for extracting nucleic acids, and subsequent sequencing. It can refer either to the original material collected or to any derived sub-samples. It can have any format, but we suggest that you make it concise, unique and consistent within your lab, and as informative as possible. INSDC requires every sample name from a single Submitter to be unique. Use of a globally unique identifier for the field source_mat_id is recommended in addition to sample_name",{'value': 'ISDsoil1'},investigation,sample,,,string,,TRUE,,,,
Ancient,nucleic acid sequence source,3,Sample body,3,24,samp_alt_lab_ids,alternative sample IDs,MIXS:999999915,,"An alternative sample or material ID related to the sample not already covered by terms samp_name and source_mat_id, including from associated other non-genetic analyses of the same sample, that can be used synonymously with the main ID. For example: external database IDs, internal lab sample ID from sampling such as bone drilling, or IDs from other scientific analyses. Can be specified multiple times for different ID contexts.","{'value': 'Museum ID: NHM_AR_123, Drilling ID: DRL_001, Extraction ID: ABC_24'}",nucleic acid sequence source,,TRUE,,string,FALSE,FALSE,{text},,,
Ancient,nucleic acid sequence source,4,Sample body,3,25,permit_authority,permit authority,MIXS:999999911,,"Name of the authorit(ies) or institution(s) that granted sampling and analysis (e.g. human remains) and/or export permission (e.g. animal remains), as well any form of ethical approval (whether from institutional research ethics boards such as REB or IRBs, or indigenous or native community associations), if available.",{'value': 'Federal Foreign Office (Germany)'},nucleic acid sequence source,ethics|location,TRUE,,string,TRUE,FALSE,,,Name of authority providing permission or ethical approval.,
Ancient,nucleic acid sequence source,5,Sample body,3,26,permit_id,permit or approval ID,MIXS:999999910,,"A permit ID, code, or any form of identify provided by any authority (ethical, local, legal, academic etc.) associated with the approval of the analysis of this particular sample, if available.",{'value': 'DE-123-JK'},nucleic acid sequence source,ethics,TRUE,,string,TRUE,FALSE,,,,
Ancient,nucleic acid sequence source,6,Sample body,3,27,permit_date,date of permit approval,MIXS:999999912,,Date on which a permit was granted. The date can be right truncated i.e. all of these are valid times: 2008-01-23; 2008-01; 2008; Except: 2008-01; 2008 all are ISO8601 compliant.,{'value': '2023-12-01'},nucleic acid sequence source,,TRUE,,datetime,TRUE,FALSE,,,,
Ancient,nucleic acid sequence source,7,Sample body,3,28,permit_scope,permit scope,MIXS:999999913,,"Description of the original scope and permissions of the research on the genetic material, as was approved by a legal, ethical, or relevant authority (e.g. bacteria only, DNA only, bacteria and human, no host read analysis allowed). Note this description is only informative, and will not necessarily automatically apply restrictions to associated data to other researchers.",{'value': 'Defined scope only includes the study of bacterial sequences and any human sequence is not covered under the agreement.'},nucleic acid sequence source,ethics,TRUE,,string,TRUE,FALSE,{text},,Description of the scope of ethical permissions for data use.,
Ancient,nucleic acid sequence source,8,Sample body,3,29,biocultural_label,biocultural label,MIXS:999999914,,"Relevant biocultural labels defined by the local contexts project (https://localcontexts.org/label/bc-provenance/) that describe in what ways this data can be reused, as permitted by any associated native or indigenous peoples or communities.",{'value': 'BC MC;BC CV'},nucleic acid sequence source,ethics,TRUE,,BioCulturalLabelEnum,TRUE,FALSE,,,Relevant biocultural label from https://localcontexts.org/labels/biocultural-labels/,
Ancient,nucleic acid sequence source,9,Sample body,3,30,earliest_chrono_age,earliest chronometric age,MIXS:999999922,,"The maximum/earliest/oldest possible age of a specimen as determined by a dating method. If multiple dating measurements available, use the most earliest/oldest date to provide widest range of age possibilities. The specific age unit should be specified by the term earliest_chrono_sys. More information on specific dates (e.g. radiocarbon lab codes) can be specified in the term chrono_age_remarks.",{'value': '1900'},nucleic acid sequence source,,FALSE,,integer,TRUE,TRUE,,,age value corresponding to unit,
Ancient,nucleic acid sequence source,10,Sample body,3,31,earliest_chrono_sys,earliest chronometric age reference system,MIXS:999999923,,The reference system associated with the earliest_chrono_age.,{'value': 'ka'},nucleic acid sequence source,,FALSE,,ChronoAgeSysEnum,TRUE,TRUE,,,,
Ancient,nucleic acid sequence source,11,Sample body,3,32,latest_chrono_age,latest chronometric age,MIXS:999999924,,"The minimum/latest/youngest possible age of a specimen as determined by a dating method. If multiple dating measurements available, use the most latest/youngest date to provide widest range of age possibilities. The specific age unit should be specified by the term latest_chrono_sys. More information on specific dates (e.g. radiocarbon lab codes) can be specified in the term chrono_age_remarks.",{'value': '1700'},nucleic acid sequence source,,FALSE,,integer,TRUE,TRUE,,,age value corresponding to unit,
Ancient,nucleic acid sequence source,12,Sample body,3,33,latest_chrono_sys,latest chronometric age reference system,MIXS:999999925,,The reference system associated with the latest_chrono_age.,{'value': 'ka'},nucleic acid sequence source,,FALSE,,ChronoAgeSysEnum,TRUE,TRUE,,,,
Ancient,nucleic acid sequence source,13,Sample body,3,34,chrono_age_protocol,chronometric age protocol,MIXS:999999926,,A description of or reference to the methods used to determine the earliest_chrono_age and latest_chrono_age.,{'value': 'historical records'},nucleic acid sequence source,,TRUE,,ChronoAgeProtocolEnum,TRUE,FALSE,,,,
Ancient,nucleic acid sequence source,14,Sample body,3,35,chrono_age_remarks,chronometric age remarks,MIXS:999999927,,Notes or comments about the  earliest_chrono_age and latest_chrono_age. For more detail use Chronometric Age Protocol to point to original publication describing method. Useful to specify confidence and/or accuracy of reported date.,{'value': 'radiocarbon age ID: OxA-12345'},nucleic acid sequence source,,FALSE,,string,TRUE,FALSE,,,,
Ancient,nucleic acid sequence source,15,Sample body,3,36,geological_epoch,geological epoch,MIXS:999999921,,"The geological epoch approximating to the period within which the specimen or sample existed. Where possible use terms from ontologies. NOTE: This term is for geological timescales. For more precise or anthropogenic defined periods, use `Cultural Era`.",{'value': 'Pliocene'},nucleic acid sequence source,ancient|age,FALSE,,GeolEpochEnum,FALSE,FALSE,,,ontology term; text,
Ancient,nucleic acid sequence source,16,Sample body,3,37,cultural_era,cultural era or period,MIXS:999999920,,The cultural era approximating to the period in which the archaeological remains existed in. Where possible use terms from ontologies such as Chronontology (https://chronontology.dainst.org/) or PeriodO (https://perio.do/en/).,{'value': 'Not collected'},nucleic acid sequence source,ancient|age,FALSE,,string,FALSE,FALSE,{termLabel} [{termID}]|{text},,chronotology or PeriodO term; text,
MIMS,investigation,17,Sample body,3,38,samp_taxon_id,taxonomy ID of DNA sample,MIXS:0001320,,"NCBI taxon id of the sample.  Maybe be a single taxon or mixed taxa sample. Use 'synthetic metagenome  for mock community/positive controls, or 'blank sample' for negative controls",{'value': 'Gut Metagenome [NCBITaxon:749906]'},investigation,dna|identifier|sample|taxon,,,string,,TRUE,,"{'syntax': '^{text} \\[{NCBItaxon_id}\\]$', 'interpolated': True, 'partial_match': True}",,
MIMS,environment,18,Sample body,3,39,collection_date,collection date,MIXS:0000011,,"The time of sampling, either as an instance (single point in time) or interval. In case no exact time is available, the date/time can be right truncated i.e. all of these are valid times: 2008-01-23T19:23:10+00:00; 2008-01-23T19:23:10; 2008-01-23; 2008-01; 2008; Except: 2008-01; 2008 all are ISO8601 compliant",{'value': '2013-03-25T12:42:31+01:00'},environment,date,,,datetime,,TRUE,,,,
Ancient,nucleic acid sequence source,19,Sample body,3,40,store_cond,storage conditions,MIXS:0000327,,"Explain how and for how long the sample was stored before DNA extraction (for example, fresh/frozen/other). Include factors that may influence nucleic acid recovery or library construction. For example, specify temperature, humidity, presence of microbial overgrowth etc..",{'value': 'Stored in the museum from 1924 to 2021'},nucleic acid sequence source,condition|storage,,,string,,,,"{'syntax': '^{storage_condition_type};{duration}$', 'interpolated': False, 'partial_match': False}",,
Ancient,nucleic acid sequence source,20,Sample body,3,41,samp_preserv_treatm,preservational treatment,MIXS:999999919,,"Description of any treatment applied directly to samples for the specific purpose of  maximising longevity of sample preservation in archives and/or collections by curators  that may influence downstream nucleic acid recovery or library construction, such as storage fluid or  reconstructive glue.",{'value': 'alcohol preserved'},nucleic acid sequence source,ancient,TRUE,,string,FALSE,FALSE,{text},,,
HumanSkin,environment,21,Sample body,3,42,host_subject_id,host subject id,MIXS:0000861,,"A unique identifier by which each subject can be referred to, de-identified",{'value': 'MPI123'},,host|host.|identifier,,,string,,,,,,
HumanSkin,environment,22,Sample body,3,43,ethnicity,ethnicity,MIXS:0000895,,"A category of people who identify with each other, usually on the basis of presumed similarities such as a common language, ancestry, history, society, culture, nation or social treatment within their residing area. https://en.wikipedia.org/wiki/List_of_contemporary_ethnic_groups",{'value': 'native american'},,,TRUE,,string,,,,,text recommend from Wikipedia list,
HumanSkin,environment,23,Sample body,3,44,host_age,host age,MIXS:0000255,,"Age of host at the time of sampling; relevant scale depends on species and study, e.g. Could be seconds for amoebae or centuries for trees",{'value': '30 years'},,age|host|host.,,,string,,,,"{'syntax': '^{scientific_float}( *- *{scientific_float})? *{text}$', 'interpolated': True, 'partial_match': True}",,"year, day, hour"
HumanSkin,environment,24,Sample body,3,45,host_body_mass_index,host body-mass index,MIXS:0000317,,"Body mass index, calculated as weight/(height)squared",{'value': '22 kilogram per square meter'},,host|host.,,,string,,,,"{'syntax': '^{scientific_float}( *- *{scientific_float})? *{text}$', 'interpolated': True, 'partial_match': True}",,kilogram per square meter
HumanSkin,environment,25,Sample body,3,46,host_sex,host sex,MIXS:0000811,example of non-binary from Excel sheets does not match any of the enumerated values,Gender or physical sex of the host,,,host|host.,,,string,,,[female|hermaphrodite|non-binary|male|transgender|transgender (female to male)|transgender (male to female) |undeclared],,enumeration,
HumanSkin,environment,26,Sample body,3,47,host_height,host height,MIXS:0000264,,The height of subject,{'value': '1.75 meter'},,height|host|host.,,,string,,,,"{'syntax': '^{scientific_float}( *- *{scientific_float})? *{text}$', 'interpolated': True, 'partial_match': True}",,"centimeter, millimeter, meter"
HumanSkin,environment,27,Sample body,3,48,host_phenotype,host phenotype,MIXS:0000874,,Phenotype of human or other host. Use terms from the phenotypic quality ontology (pato) or the Human Phenotype Ontology (HP),{'value': 'Tinnitus [HP:0000360]'},,host|host.,,,string,,,{termLabel} [{termID}],,PATO or HP,
HumanSkin,environment,28,Sample body,3,49,dominant_hand,dominant hand,MIXS:0000944,,Dominant hand of the subject,{'value': 'right'},,,,,DominantHandEnum,,,,,,
HumanSkin,environment,29,Sample body,3,50,host_pulse,host pulse,MIXS:0000333,,"Resting pulse, measured as beats per minute",{'value': '65 beats per minute'},,host|host.,,,string,,,,"{'syntax': '^{scientific_float}( *- *{scientific_float})? *{text}$', 'interpolated': True, 'partial_match': True}",,beats per minute
HumanSkin,environment,30,Sample body,3,51,host_tot_mass,host total mass,MIXS:0000263,,"Total mass of the host at collection, the unit depends on host",{'value': '65 kilogram'},,host|host.|mass|total,,,string,,,,"{'syntax': '^{scientific_float}( *- *{scientific_float})? *{text}$', 'interpolated': True, 'partial_match': True}",,"kilogram, gram"
HumanSkin,environment,31,Sample body,3,52,host_body_temp,host body temperature,MIXS:0000274,,Core body temperature of the host when sample was collected,{'value': '36.5 degree Celsius'},,body|host|host.|temperature,,,string,,,,"{'syntax': '^{scientific_float}( *- *{scientific_float})? *{text}$', 'interpolated': True, 'partial_match': True}",,degree Celsius
HumanSkin,environment,32,Sample body,3,53,host_diet,host diet,MIXS:0000869,,"Type of diet depending on the host, for animals omnivore, herbivore etc., for humans high-fat, meditteranean etc.; can include multiple diet types",{'value': 'high-fat'},,diet|host|host.,TRUE,,string,,,,,,
HumanSkin,environment,33,Sample body,3,54,host_last_meal,host last meal,MIXS:0000870,,Content of last meal and time since feeding; can include multiple values,{'value': 'french fries;P5H30M'},,host|host.,TRUE,,string,,,{text};{duration},,content;duration,
HumanSkin,environment,34,Sample body,3,55,host_body_site,host body site,MIXS:0000867,,"Name of body site where the sample was obtained from, such as a specific organ or tissue (tongue, lung etc...). Use terms from the foundational model of anatomy ontology (fma) or the Uber-anatomy ontology (UBERON)",{'value': 'Skin of palm of left hand [fma38303]'},,body|host|site,,,string,,,{termLabel} [{termID}],,FMA or UBERON,
HumanSkin,environment,35,Sample body,3,56,host_body_product,host body product,MIXS:0000888,,"Substance produced by the body, e.g. Stool, mucus, where the sample was obtained from. Use terms from the foundational model of anatomy ontology (fma) or Uber-anatomy ontology (UBERON)",{'value': 'mucus [FMA:66938]'},,body|host|host.|product,,,string,,,{termLabel} [{termID}],,FMA or UBERON,
HumanSkin,environment,36,Sample body,3,57,host_fam_rel,host family relationship,MIXS:0000872,,Relationships to other hosts in the same study; can include multiple relationships,{'value': 'mother;ID298'},,family|host|host.|relationship,TRUE,,string,,,{text};{text},,relationship type;arbitrary identifier,
HumanSkin,environment,37,Sample body,3,58,host_occupation,host occupation,MIXS:0000896,"Couldn't convert host_occupation with value veterinary to integer|almost all host_occupation values in the NCBI biosample_set are strings, not integers",Most frequent job performed by subject,{'value': 'veterinary'},,host|host.,,,string,,,,,,
HumanSkin,environment,38,Sample body,3,59,host_genotype,host genotype,MIXS:0000365,,Observed genotype,{'value': 'ST1'},,host|host.,,,string,,,,,,
HumanSkin,environment,39,Sample body,3,60,host_symbiont,observed host symbionts,MIXS:0001298,,"The taxonomic name of the organism(s) found living in mutualistic, commensalistic, or parasitic symbiosis with the specific host. The sampled symbiont can have its own symbionts. For example, parasites may have hyperparasites (=parasites of the parasite)",{'value': 'flukeworms'},,host|host.|observed|symbiosis,TRUE,,string,,,,,species name or common name,
HumanSkin,nucleic acid sequence source,40,Sample body,3,61,host_disease_stat,host disease status,MIXS:0000031,,"List of diseases with which the host has been diagnosed; can include multiple diagnoses. The value of the field depends on host; for humans the terms should be chosen from the DO (Human Disease Ontology) at https://www.disease-ontology.org, non-human host diseases are free text",{'value': 'measles [DOID:8622]'},nucleic acid sequence source,disease|host|host.|status,,,string,,,{termLabel} [{termID}]|{text},,disease name or Disease Ontology term,
Ancient,environment,41,Sample body,3,62,palaeopath_status,palaeopathology status,MIXS:999999928,,Describe briefly any relevant palaeopathological or health-related observations of the remains of the individual or subject under study.,{'value': 'Caries on right upper molar.'},nucleic acid sequence source,palaeopathology|host health|ancient,FALSE,,string,FALSE,FALSE,{text},,description of health related observation on ancient remains,
HumanSkin,environment,42,Sample body,3,63,dermatology_disord,dermatology disorder,MIXS:0000284,,"History of dermatology disorders; can include multiple disorders. The terms should be chosen from the DO (Human Disease Ontology) at http://www.disease-ontology.org, skin disease (https://disease-ontology.org/?id=DOID:37)",,,disorder,TRUE,,string,,,,,,
HumanSkin,environment,43,Sample body,3,64,time_since_last_wash,time since last wash,MIXS:0000943,,Specification of the time since last wash,{'value': 'P1D'},,time,,,string,,,,"{'syntax': '^{duration}$', 'interpolated': True, 'partial_match': True}",,
HumanSkin,environment,44,Sample body,3,65,medic_hist_perform,medical history performed,MIXS:0000897,,Whether full medical history was collected,{'value': '1'},,history,,,boolean,,,,,,
HumanSkin,environment,45,Sample body,3,66,ihmc_medication_code,IHMC medication code,MIXS:0000884,,Can include multiple medication codes,{'value': '810'},,code,TRUE,,integer,,,,,,
HumanSkin,environment,46,Sample body,3,67,chem_administration,chemical administration,MIXS:0000751,,"List of chemical compounds administered to the host or site where sampling occurred, and when (e.g. Antibiotics, n fertilizer, air filter); can include multiple compounds. For chemical entities of biological interest ontology (chebi) (v 163), http://purl.bioontology.org/ontology/chebi",{'value': 'agar [CHEBI:2509];2018-05-11T20:00Z'},,administration,TRUE,,string,,,{termLabel} [{termID}];{timestamp},,CHEBI;timestamp,
Ancient,nucleic acid sequence source,47,Sample body,3,68,prev_pubs,previous publications,MIXS:999999916,,Any previous publications that report non-nucleic acid data from the same sample or ultimate source of the sample,{'value': 'doi:10.1016/j.jas.2015.02.0181'},nucleic acid sequence source,,TRUE,"^^PMID:\d+$|^doi:10.\d{2,9}/.*$|^https?:\/\/(?:www\.)?[-a-zA-Z0-9@:%._\+~#=]{1,256}\.[a-zA-Z0-9()]{1,6}\b(?:[-a-zA-Z0-9()@:%_\+.~#?&\/=]*)$$",string,FALSE,FALSE,,"{'syntax': '^{PMID}|{DOI}|{URL}$', 'interpolated': True, 'partial_match': True}",,
MIMS,nucleic acid sequence source,48,Sample body,3,69,ref_biomaterial,reference for biomaterial,MIXS:0000025,,"Primary publication if isolated before genome publication; otherwise, primary genome report",{'value': 'doi:10.1016/j.syapm.2018.01.009'},nucleic acid sequence source,,,,string,,,,"{'syntax': '^({PMID}|{DOI}|{URL})$', 'interpolated': True, 'partial_match': True}",,
HumanSkin,environment,49,Sample body,3,70,organism_count,organism count,MIXS:0000103,,"Total cell count of any organism (or group of organisms) per gram, volume or area of sample, should include name of organism followed by count. The method that was used for the enumeration (e.g. qPCR, atp, mpn, etc.) Should also be provided. (example: total prokaryotes; 3.5e7 cells per ml; qpcr)",{'value': 'total prokaryotes;3.5e7 cells per milliliter;qPCR'},,count|organism,TRUE,,string,,,{text};{float} {unit};[ATP|MPN|qPCR|other],,organism name;measurement value;enumeration,
MIMS,nucleic acid sequence source,50,Sample body,3,71,rel_to_oxygen,relationship to oxygen,MIXS:0000015,,"Is this organism an aerobe, anaerobe? Please note that aerobic and anaerobic are valid descriptors for microbial environments",{'value': 'aerobe'},nucleic acid sequence source,oxygen|relationship,,,RelToOxygenEnum,,,,,,
Ancient,nucleic acid sequence source,51,Sample body,3,72,host_preserv_state,preservation state of sampled host at death,MIXS:999999917,,"Description of the state of the sampled (ancient) organism/host as originally  preserved in the burial environment at the time of or immediately following death. This can be both natural or artificial, such as mummification or burning for funerary purposes.",{'value': 'fully skeletonised.'},nucleic acid sequence source,ancient,FALSE,,string,FALSE,FALSE,{text},,Description of the preservation of the sampled (ancient) organism/host at time/immediately after death.,
HumanSkin,environment,52,Sample body,3,73,oxy_stat_samp,oxygenation status of sample,MIXS:0000753,,Oxygenation status of sample,{'value': 'aerobic'},,oxygen|sample|status,,,OxyStatSampEnum,,,,,,
HumanSkin,environment,53,Sample body,3,74,misc_param,miscellaneous parameter,MIXS:0000752,,"Any other measurement performed or parameter collected, that is not listed here",{'value': 'Bicarbonate ion concentration;2075 micromole per kilogram'},,parameter,TRUE,,string,,,{text};{float} {unit},,parameter name;measurement value,
Ancient,nucleic acid sequence source,1,Nucleic acid source,4,75,batch_ids,batch identifiers,MIXS:999999929,,"Identifiers for any form of batch or 'group' that the samples is associated with, examples including: individual/skeleton ID, sediment core IDs, extract batch, library batch, sequencing run etc..  These IDs should always act as 'umbrella' IDs that allow association with entries processed together, to allow for downstream analyses of batch effects. Ideally, the information should indicate or specify what type of batch the ID is describing.",{'value': 'ExtrMG;LibMG;SeqMG'},nucleic acid sequence source,identifiers,TRUE,,string,FALSE,FALSE,,,"list any batch_ids the sample, nucleic acids, or library was associated with during processing and sequencing",
Ancient,nucleic acid sequence source,2,Nucleic acid source,4,76,samp_category,sample category,MIXS:999999930,,"The type/category of a sample. ""Sample"" includes biological and technical replicates.",{'value': 'positive control'},nucleic acid sequence source,control,,,SampCategoryEnum,TRUE,TRUE,,,,
MIMS,investigation,3,Nucleic acid source,4,77,neg_cont_type,negative control type,MIXS:0001321,,The substance or equipment used as a negative control in an investigation,,investigation,type,,,NegContTypeEnum,TRUE,,,,enumeration or text,
MIMS,investigation,4,Nucleic acid source,4,78,pos_cont_type,positive control type,MIXS:0001322,,"The substance, mixture, product, or apparatus used to verify that a process which is part of an investigation delivers a true positive",,investigation,type,,,string,TRUE,,{term} or {text},,,
MIMS,environment,5,Nucleic acid source,4,79,env_medium,environmental medium,MIXS:0000014,,"Report the environmental material(s) immediately surrounding the sample or specimen at the time of sampling. We recommend using subclasses of 'environmental material' (http://purl.obolibrary.org/obo/ENVO_00010483). EnvO documentation about how to use the field: https://github.com/EnvironmentOntology/envo/wiki/Using-ENVO-with-MIxS . Terms from other OBO ontologies are permissible as long as they reference mass/volume nouns (e.g. air, water, blood) and not discrete, countable entities (e.g. a tree, a leaf, a table top)",{'value': 'bluegrass field soil [ENVO:00005789]'},environment,environmental,,,string,,TRUE,,"{'syntax': '^{termLabel} \\[{termID}\\]$', 'interpolated': True, 'partial_match': True}",,
MIMS,nucleic acid sequence source,6,Nucleic acid source,4,80,samp_collect_method,sample collection method,MIXS:0001225,,The method employed for collecting the sample,{'value': 'swabbing'},nucleic acid sequence source,method|sample,,,string,TRUE,,,"{'syntax': '^({PMID}|{DOI}|{URL}|{text})$', 'interpolated': True, 'partial_match': True}",,
MIMS,nucleic acid sequence source,7,Nucleic acid source,4,81,samp_collect_device,sample collection device,MIXS:0000002,,The device used to collect an environmental sample. This field accepts terms listed under environmental sampling device (http://purl.obolibrary.org/obo/ENVO). This field also accepts terms listed under specimen collection device (http://purl.obolibrary.org/obo/GENEPIO_0002094),"{'value': 'swab, biopsy, niskin bottle, push core, drag swab [GENEPIO:0002713]'}",nucleic acid sequence source,device|sample,,,string,TRUE,,{termLabel} [{termID}]|{text},,device name,
MIMS,nucleic acid sequence source,8,Nucleic acid source,4,82,samp_mat_process,sample material processing,MIXS:0000016,,"A brief description of any processing applied to the sample during or after retrieving the sample from environment, or a link to the relevant protocol(s) performed","{'value': 'filtering of seawater, storing samples in ethanol'}",nucleic acid sequence source,material|process|sample,,,string,TRUE,,,,,
MIMS,nucleic acid sequence source,9,Nucleic acid source,4,83,samp_size,amount or size of sample collected,MIXS:0000001,,"The total amount or size (volume (ml), mass (g) or area (m2) ) of sample collected",{'value': '5 liter'},nucleic acid sequence source,sample|size,,,string,TRUE,,,"{'syntax': '^{scientific_float}( *- *{scientific_float})? *{text}$', 'interpolated': True, 'partial_match': True}",,
HumanSkin,nucleic acid sequence source,11,Nucleic acid source,4,84,samp_store_loc,sample storage location,MIXS:0000755,,"Location at which sample was stored, usually name of a specific freezer/room",{'value': 'Freezer no:5'},,location|sample|storage,,,string,,,,,location name,
HumanSkin,nucleic acid sequence source,12,Nucleic acid source,4,85,samp_store_dur,sample storage duration,MIXS:0000116,,Duration for which the sample was stored. Indicate the duration for which the sample was stored written in ISO 8601 format,{'value': 'P1Y6M'},,duration|period|sample|storage,,,string,,,,"{'syntax': '^{duration}$', 'interpolated': True, 'partial_match': True}",,
HumanSkin,nucleic acid sequence source,13,Nucleic acid source,4,86,samp_store_temp,sample storage temperature,MIXS:0000110,,"Temperature at which sample was stored, e.g. -80 degree Celsius",{'value': '-80 degree Celsius'},,sample|storage|temperature,,,string,,,,"{'syntax': '^{scientific_float}( *- *{scientific_float})? *{text}$', 'interpolated': True, 'partial_match': True}",,degree Celsius
Ancient,nucleic acid sequence source,14,Nucleic acid source,4,87,samp_decont_pretreat,sample decontamination pretreatment,MIXS:999999931,,"Protocols employed for sample surface decontamination of external  modern nucleic acids; Treatment used on the samples immediately prior to nucleic acid extraction. Dependant on the sample type.  More relevant for bones than environmental samples. E.g. buffers, EDTA, etc.",{'value': 'doi:10.1016/j.jas.2015.02.0181'},nucleic acid sequence source,,TRUE,"^^PMID:\d+$|^doi:10.\d{2,9}/.*$|^https?:\/\/(?:www\.)?[-a-zA-Z0-9@:%._\+~#=]{1,256}\.[a-zA-Z0-9()]{1,6}\b(?:[-a-zA-Z0-9()@:%_\+.~#?&\/=]*)$$",string,,,,"{'syntax': '^{PMID}|{DOI}|{URL}$', 'interpolated': True, 'partial_match': True}",,
MIMS,nucleic acid sequence source,15,Nucleic acid source,4,88,size_frac,size fraction selected,MIXS:0000017,,Filtering pore size used in sample preparation,{'value': '0-0.22 micrometer'},nucleic acid sequence source,fraction|size,,,string,,,{float}-{float} {unit},,filter size value range,
MIMS,nucleic acid sequence source,16,Nucleic acid source,4,89,samp_vol_we_dna_ext,sample volume or weight for DNA extraction,MIXS:0000111,,Volume (ml) or mass (g) of total collected sample processed for DNA extraction. Note: total sample collected should be entered under the term Sample Size (MIXS:0000001),{'value': '1500 milliliter'},nucleic acid sequence source,dna|sample|volume|weight,,,string,,,,"{'syntax': '^{scientific_float}( *- *{scientific_float})? *{text}$', 'interpolated': True, 'partial_match': True}",,"milliliter, gram, milligram, square centimeter"
Ancient,nucleic acid sequence source,17,Nucleic acid source,4,90,nucl_acid_extr_date,date of extraction of nucleic acids from sample,MIXS:999999933,,"The date when the nucleic acid extraction was started from the sample material. In case no exact time is available, the date can be right truncated i.e. all of these are valid times: 2008-01-23T19:23:10+00:00; 2008-01-23T19:23:10; 2008-01-23; 2008-01; 2008; Except: 2008-01; 2008 all are ISO8601 compliant",{'value': '2023-12-01'},nucleic acid sequence source,,,,datetime,FALSE,FALSE,,,,
MIMS,sequencing,18,Nucleic acid source,4,91,nucl_acid_ext,nucleic acid extraction,MIXS:0000037,,"A link to a literature reference, electronic resource or a standard operating procedure (SOP), that describes the material separation to recover the nucleic acid fraction from a sample",{'value': 'https://mobio.com/media/wysiwyg/pdfs/protocols/12888.pdf'},sequencing,,,,string,TRUE,,,"{'syntax': '^({PMID}|{DOI}|{URL})$', 'interpolated': True, 'partial_match': True}",,
Ancient,nucleic acid sequence source,19,Nucleic acid source,4,92,sop_experimental,experimental standard operating procedure,MIXS:999999934,,"Provide a DOI or URL to refer to the paper where the field report, nucleic acid extraction,  library construction, and other procedures are explained in more detail, e.g. the paper reporting the data.",{'value': 'doi:10.1093/nar/gkr771'},nucleic acid sequence source,,TRUE,"^^PMID:\d+$|^doi:10.\d{2,9}/.*$|^https?:\/\/(?:www\.)?[-a-zA-Z0-9@:%._\+~#=]{1,256}\.[a-zA-Z0-9()]{1,6}\b(?:[-a-zA-Z0-9()@:%_\+.~#?&\/=]*)$$",string,FALSE,FALSE,,"{'syntax': '^{PMID}|{DOI}|{URL}$', 'interpolated': True, 'partial_match': True}",,
Ancient,sequencing,1,Sequencing,5,93,library_name,library name,MIXS:999999936,,Any ID or name used for referring to a nucleic acid sequencing library associated with the sample.,{'value': 'A003-1-SG1'},sequencing,sequencing,TRUE,,string,TRUE,FALSE,,,name of sequencing library,
Ancient,sequencing,2,Sequencing,5,94,damage_treatment,damage treatment type,MIXS:999999932,,"Indication of whether characteristic ancient DNA damage has been altered or removed from a DNA extract in a laboratory. If damage has been removed, but whether it was fully or partially removed is unknown (e.g. with UDG treatment) - specify 'other', and describe known information in `sop_experimental` and related free text descriptive terms.",{'value': 'partial-removal'},nucleic acid sequence source,ancient,FALSE,,DamageTreatmentEnum,TRUE,TRUE,,,enumeration,
Ancient,sequencing,3,Sequencing,5,95,lib_strandedness,nucleic acid strandedness in library creation,MIXS:999999938,,The strandedness of the original template nucleic acid molecules used for constructing the sequencing library,{'value': 'double'},sequencing,library|preparation,TRUE,,LibStrandEnum,TRUE,TRUE,,,nucleic acid library strandedness,
MIMS,sequencing,4,Sequencing,5,96,adapters,adapters,MIXS:0000048,,Adapters provide priming sequences for both amplification and sequencing of the sample-library fragments. Both adapters should be reported; in uppercase letters,{'value': 'AATGATACGGCGACCACCGAGATCTACACGCT;CAAGCAGAAGACGGCATACGAGAT'},sequencing,,,,string,TRUE,,,"{'syntax': '^{dna_bases};{dna_bases}$', 'interpolated': True, 'partial_match': True}",,
MIMS,sequencing,5,Sequencing,5,97,mid,multiplex identifiers,MIXS:0000047,,"Molecular barcodes, called Multiplex Identifiers (MIDs), that are used to specifically tag unique samples in a sequencing run. Sequence should be reported in uppercase letters",{'value': 'GTGAATAT'},sequencing,identifier,,,string,TRUE,,,"{'syntax': '^{dna_bases}$', 'interpolated': True, 'partial_match': True}",,
Ancient,sequencing,6,Sequencing,5,98,lib_mid_desc,description of library multiplex identifiers or indexing configuration,MIXS:999999935,,"Index/barcode/primer configuration used during library building for sequencing. This includes information such as the number, type and location of indexes, the index/primer kit/list, or if 'inline' barcodes or UMIs were ligated directly onto the template molecules.",{'value': 'UDI index sequences.'},sequencing,library|preparation,TRUE,,string,TRUE,FALSE,{text},,Description of the indexing configuration of the library,
Ancient,sequencing,7,Sequencing,5,99,lib_gener_technique,library generation technique,MIXS:999999939,,"The technique used to generate the library, i.e., amplicon, enriched, or shotgun. An amplicon library is a library that has been amplified to target a single specific region of a genome (e.g. a specific gene). An enriched library is a library that has had a particular genome or multiple genomic regions/positions 'captured' or enriched typically via baits/probes. A shotgun library has undergone no type of targeted amplification/enrichment for a particular genomic region or genome, i.e., random sequencing of any nucleic acid molecule contained in a genomic library.",{'value': 'enriched'},sequencing,library|preparation,,,LibTypeEnum,TRUE,FALSE,,,,
MIMS,sequencing,8,Sequencing,5,100,lib_screen,library screening strategy,MIXS:0000043,,Specific enrichment or screening methods applied before and/or after creating libraries,"{'value': 'enriched, screened, normalized'}",sequencing,library,,,string,TRUE,,,,screening strategy name,
MIMS,sequencing,9,Sequencing,5,101,lib_vector,library vector,MIXS:0000042,,Cloning vector type(s) used in construction of libraries,{'value': 'Bacteriophage P1'},sequencing,library,,,string,TRUE,,,,vector,
MIMS,sequencing,10,Sequencing,5,102,lib_size,library size,MIXS:0000039,,Total number of clones in the library prepared for the project,{'value': '50'},sequencing,library|size,,,integer,TRUE,,,,,
Ancient,sequencing,11,Sequencing,5,103,lib_polymerase,library polymerase,MIXS:999999937,,The polymerase enzyme used for building nucleic acid libraries. Include formal identifier e.g. SKU or the manufacturers name at minimum.,{'value': 'AmpliTaq Gold DNA Polymerase'},sequencing,polymerase|library|preparation,,,string,TRUE,FALSE,{text},,name of polymerase used during library construction,
Ancient,sequencing,12,Sequencing,5,104,capt_probe_src_taxid,Genomic capture probe source taxonomy IDs,MIXS:999999943,,"NCBI taxon ID(s) of all organisms included in the baits of a whole organelle or whole genome-level capture panel. There should be an (ideally) species level taxonomic ID entry for each organism that had sequences included in the design. If whole genera were targeted, you can instead use a single genus level taxonomic ID or that of any relevant higher taxonomic unit.",{'value': '9789'},sequencing,sequencing|library|enrichment|capture,TRUE,,integer,FALSE,FALSE,,,Taxonomic IDs corresponding to organism(s) included in target enrichment (a.k.a. capture) probe design,
Ancient,sequencing,13,Sequencing,5,105,capt_probe_desc,capture probe design description,MIXS:999999944,,"Description of target enrichment probe designs used (e.g., species included, sequences, type, company). This can include custom kits (please provide a general description and DOI if available) or commercially available kit (provide ID and company).","{'value': 'Commercial RNA baits kit ABC001-EC from company TE-Science, purchased 2020'}",sequencing,library|enrichment,TRUE,,string,FALSE,FALSE,{text},,Description of probe set used for target enrichment/library selection (a.k.a. capture),
Ancient,sequencing,14,Sequencing,5,106,capt_pcr_cyc_tot,post capture PCR reamplication cycles total,MIXS:999999942,,Amplification cycles after capture enrichment total. Provide additional information about PCR conditions in pcr_cond,{'value': '12'},nucleic acid sequence source,,TRUE,,integer,FALSE,FALSE,,,,
Ancient,sequencing,15,Sequencing,5,107,reamp_pcr_cyc_tot,number of reamplification cycles,MIXS:999999941,,"Number of amplification cycles after library indexing PCR. If capture data, this refers to amplifications prior to the capture experiments.",{'value': '12'},sequencing,,,,integer,,,,,,
MIMS,sequencing,16,Sequencing,5,108,nucl_acid_amp,nucleic acid amplification,MIXS:0000038,,"A link to a literature reference, electronic resource or a standard operating procedure (SOP), that describes the enzymatic amplification (PCR, TMA, NASBA) of specific nucleic acids",{'value': 'https://phylogenomics.me/protocols/16s-pcr-protocol/'},sequencing,,,,string,TRUE,,,"{'syntax': '^({PMID}|{DOI}|{URL})$', 'interpolated': True, 'partial_match': True}",,
MIMS,sequencing,17,Sequencing,5,109,seq_meth,sequencing method,MIXS:0000050,,Sequencing machine used. Where possible the term should be taken from the OBI list of DNA sequencers (http://purl.obolibrary.org/obo/OBI_0400103),{'value': '454 Genome Sequencer FLX [OBI:0000702]'},sequencing,method,,,string,,TRUE,,"{'syntax': '^{text}|({termLabel} \\[{termID}\\])$', 'interpolated': True, 'partial_match': True}",,
MIMS,sequencing,18,Sequencing,5,110,lib_layout,library layout,MIXS:0000041,,"Specify whether to expect single, paired, or other configuration of reads",{'value': 'paired'},sequencing,library,,,LibLayoutEnum,TRUE,,,,,
MIMS,sequencing,19,Sequencing,5,111,lib_reads_seqd,library reads sequenced,MIXS:0000040,,Total number of clones sequenced from the library,{'value': '20'},sequencing,library,,,integer,TRUE,,,,,
Ancient,sequencing,20,Sequencing,5,112,sop_lib_preparation,library preparation protocols,MIXS:999999940,,Citation(s) for the nucleic acid library preparation protocol.,{'value': 'doi:10.1093/nar/gkr771'},sequencing,,TRUE,"^^PMID:\d+$|^doi:10.\d{2,9}/.*$|^https?:\/\/(?:www\.)?[-a-zA-Z0-9@:%._\+~#=]{1,256}\.[a-zA-Z0-9()]{1,6}\b(?:[-a-zA-Z0-9()@:%_\+.~#?&\/=]*)$$",string,FALSE,FALSE,,"{'syntax': '^{PMID}|{DOI}|{URL}$', 'interpolated': True, 'partial_match': True}",,
Ancient,sequencing,1,Data analysis,6,113,data_preproc_desc,description of sequencing reads preprocessing,MIXS:999999945,,"Description of preprocessing performed on the reads in the sequencing data file. Describe any in silico processing or modification of the sequencing reads away from the original state as received from the sequencer. This should include details such as adapter-, barcode-, and/or quality- trimming, or any filtering such as for read length or of off-target reads.","{'value': 'Demultiplexed with bcl2fastq, inline barcodes removed, and reads quality filtered with fastp (v1.0.0).'}",sequencing,data analysis|data,FALSE,,string,TRUE,FALSE,,,description of any modifications to data away from original raw files,
Ancient,sequencing,2,Data analysis,6,114,reads_removed_desc,description of reads removal,MIXS:999999946,,"Specify whether associated data was filtered in some form prior to upload, such as host reads removal. Detailed description of the the data filtering that was carried out should be described in term 'preprocessing of sequencing reads description'.",{'value': 'yes'},sequencing,data analysis,FALSE,,boolean,TRUE,FALSE,,,Whether any sequencing reads were removed from the data files after sequencing,
MIMS,sequencing,3,Data analysis,6,115,assembly_name,assembly name,MIXS:0000057,,Name/version of the assembly provided by the submitter that is used in the genome browsers and in the community,"{'value': 'HuRef, JCVI_ISG_i3_1.0'}",sequencing,,,,string,TRUE,,{text} {text},,name and version of assembly,
MIMS,sequencing,4,Data analysis,6,116,assembly_software,assembly software,MIXS:0000058,,"Tool(s) used for assembly, including version number and parameters","{'value': 'metaSPAdes;3.11.0;kmer set 21,33,55,77,99,121, default parameters otherwise'}",sequencing,software,,,string,TRUE,,,"{'syntax': '^{software};{version};{parameters}$', 'interpolated': True, 'partial_match': True}",,
MIMS,sequencing,5,Data analysis,6,117,number_contig,number of contigs,MIXS:0000060,,"Total number of contigs in the cleaned/submitted assembly that makes up a given genome, SAG, MAG, or UViG",{'value': '40'},sequencing,number,,,integer,TRUE,,,,,
MIMS,sequencing,6,Data analysis,6,118,assembly_qual,assembly quality,MIXS:0000056,,"The assembly quality category is based on sets of criteria outlined for each assembly quality category. For MISAG/MIMAG; Finished: Single, validated, contiguous sequence per replicon without gaps or ambiguities with a consensus error rate equivalent to Q50 or better. High Quality Draft:Multiple fragments where gaps span repetitive regions. Presence of the large subunit (LSU) RNA, small subunit (SSU) and the presence of 5.8S rRNA or 5S rRNA depending on whether it is a eukaryotic or prokaryotic genome, respectively. Medium Quality Draft:Many fragments with little to no review of assembly other than reporting of standard assembly statistics. Low Quality Draft:Many fragments with little to no review of assembly other than reporting of standard assembly statistics. Assembly statistics include, but are not limited to total assembly size, number of contigs, contig N50/L50, and maximum contig length. For MIUVIG; Finished: Single, validated, contiguous sequence per replicon without gaps or ambiguities, with extensive manual review and editing to annotate putative gene functions and transcriptional units. High-quality draft genome: One or multiple fragments, totaling   90% of the expected genome or replicon sequence or predicted complete. Genome fragment(s): One or multiple fragments, totalling < 90% of the expected genome or replicon sequence, or for which no genome size could be estimated",{'value': 'High-quality draft genome'},sequencing,quality,,,AssemblyQualEnum,TRUE,,,,,
MIMS,sequencing,7,Data analysis,6,119,tax_class,taxonomic classification,MIXS:0000064,,"Method used for taxonomic classification, along with reference database used, classification rank, and thresholds used to classify new genomes","{'value': 'vConTACT vContact2 (references from NCBI RefSeq v83, genus rank classification, default parameters)'}",sequencing,classification|taxon,,,string,,,,,,
MIMS,sequencing,8,Data analysis,6,120,annot,annotation,MIXS:0000059,,"Tool used for annotation, or for cases where annotation was provided by a community jamboree or model organism database rather than by a specific submitter",{'value': 'prokka'},sequencing,,,,string,TRUE,,,,"name of tool or pipeline used, or annotation source description",
MIMS,sequencing,9,Data analysis,6,121,feat_pred,feature prediction,MIXS:0000061,,"Method used to predict UViGs features such as ORFs, integration site, etc",{'value': 'Prodigal;2.6.3;default parameters'},sequencing,feature|predict,,,string,,,,"{'syntax': '^{software};{version};{parameters}$', 'interpolated': True, 'partial_match': True}",,
MIMS,sequencing,10,Data analysis,6,122,sim_search_meth,similarity search method,MIXS:0000063,,"Tool used to compare ORFs with database, along with version and cutoffs used","{'value': 'HMMER3;3.1b2;hmmsearch, cutoff of 50 on score'}",sequencing,method,,,string,,,,"{'syntax': '^{software};{version};{parameters}$', 'interpolated': True, 'partial_match': True}",,
MIMS,sequencing,11,Data analysis,6,123,ref_db,reference database(s),MIXS:0000062,,"List of database(s) used for ORF annotation, along with version number and reference to website or publication",{'value': 'pVOGs;5;http://dmk-brain.ecn.uiowa.edu/pVOGs/ Grazziotin et al. 2017 doi:10.1093/nar/gkw975'},sequencing,database,,,string,,,{database};{version};{reference},,"names, versions, and references of databases",
MIMS,sequencing,12,Data analysis,6,124,sop,relevant standard operating procedures,MIXS:0000090,,"Standard operating procedures used in assembly and/or annotation of genomes, metagenomes or environmental sequences",{'value': 'http://press.igsb.anl.gov/earthmicrobiome/protocols-and-standards/its/'},sequencing,procedures,TRUE,,string,TRUE,,,"{'syntax': '^({PMID}|{DOI}|{URL})$', 'interpolated': True, 'partial_match': False}",reference to SOP,